{"filesMd5":[{"page":"/config/index.js","md5":"26d808da9fdd84ca72efc050b73210f4"},{"page":"/mediator/index.js","md5":"e1f7b6b8b7df8f5dc391edf85b2fbfac"},{"page":"/pages/index/index.js","md5":"a101c556e1b2bdc19541858c63325d24"},{"page":"/pages/login/login.js","md5":"1b0aa950388fd9d5e872b9400e19f490"},{"page":"/pages/luckyRotate/luckyRotate.js","md5":"0c798862dc47856fd935325ed70795da"},{"page":"/pages/scratchCard/scratchCard.js","md5":"9d3352f3d8b5810bdf8f6f8fc66fc9b0"},{"page":"/iconfont/font_1469606063_76593.ttf","md5":"f6222bcfedff4a817bb50df7a049d1db"},{"page":"/iconfont/font_1469606522_9417143.woff","md5":"6cf5490fd14ff83350ff952bb5b8e484"},{"page":"/iconfont/font_zn5b3jswpofuhaor.ttf","md5":"c0356b22e8235d2b0be8880cc81894cc"},{"page":"/iconfont/iconfont-eros.ttf","md5":"68780fad0047dc5b02cb613ebb08cda1"},{"page":"/iconfont/iconfont.ttf","md5":"ec86bfe5bdb872bad2b2af4f11da14f4"},{"page":"/iconfont/torn-eros-ui.ttf","md5":"25688f410a7c261783c478a7673152ca"}],"android":"1.0.0","iOS":"1.0.0","appName":"AppPluginTest","jsVersion":"ff65801b696c7e5019dfb9a4ab2cf403","timestamp":1534143454578,"jsPath":"https://app.weex-eros.com/source"}
